url,total_requests,html_requests,css_requests,js_requests,image_requests,font_requests,video_requests,audio_requests,json_requests,other_requests,total_transfer_bytes,total_resource_bytes,total_bytes,html_bytes,css_bytes,js_bytes,image_bytes,font_bytes,video_bytes,audio_bytes,json_bytes,other_bytes,largest_resource_bytes,largest_resource_url,gzip_compressed_bytes,cacheable_bytes,third_party_requests,third_party_bytes,uses_http2,ttfb_ms_avg,ttfb_ms_min,ttfb_ms_max,extra_media_bytes,final_total_bytes,final_co2_grams,lighthouse_performance
https://www.acibadem.edu.tr/,159,3,46,61,30,2,6,0,6,5,181650434,181650434,181650434,196293,2403358,1453758,308674,55160,177232491,0,700,0,61270506,https://www.acibadem.edu.tr/sites/default/files/2025-07/Tan%C4%B1t%C4%B1m%20Videosu_0.mp4,0,4058928,46,876160,False,117.36691321038388,13.865099987015128,698.855800088495,88601465,270251899,11.326126246713104,
https://www.atu.edu.tr/,177,5,15,42,64,4,0,0,47,0,16791650,16791650,16791650,26870,284374,1509303,7849270,351940,0,0,6769893,0,3051703,https://odata.atu.edu.tr/odata/DataService.svc/V_GuncelIcerik?%24orderby=Sira&%24filter=(SiteID%20eq%201)%20and%20(Durum%20eq%201)%20and%20(GrupTipi%20eq%201)%20and%20(DilKodu%20eq%20%27TR%27)%20and%20(BitisTarihi%20gt%20datetime%272025-12-05T13%3A28%3A57.701%27),0,380846,54,7150704,False,471.0536666660396,2.7869000332430005,1875.103099970147,0,16791650,0.70372992195189,
https://adiyaman.edu.tr/,39,3,4,14,9,3,3,0,3,0,25426377,25426377,25426377,81933,40405,702357,594601,626740,23377700,0,2641,0,11713804,https://static.adiyaman.edu.tr/files/1/tr/slaytlar/2025/01/giris/adyu_intro_v3.1.mp4,0,357977,9,979384,False,400.44725639745593,1.802199985831976,1126.2045999756083,11713804,37140181,1.5565270045772195,
https://www.aku.edu.tr/,109,2,15,15,75,2,0,0,0,0,8417187,8417187,8417187,27589,101932,312072,7848042,127552,0,0,0,0,420304,https://aku.edu.tr/wp-content/uploads/2025/08/uygulamaliegitim.jpg,0,0,108,8416960,False,493.1450715564072,80.14929993078113,1183.233099989593,0,8417187,0.35276023205369716,
https://www.afsu.edu.tr/,68,2,12,14,36,3,0,0,1,0,7070597,7070597,7070597,148374,481691,1060671,5212625,167236,0,0,0,0,1730907,https://afsu.edu.tr/wp-content/uploads/2022/01/DJI_0848.jpg,0,304186,67,7070597,False,450.81301323336766,18.76320003066212,969.3171000108123,0,7070597,0.2963252970948816,
https://www.agri.edu.tr/,104,1,10,14,69,10,0,0,0,0,12671129,12671129,12671129,117910,363943,262309,11653343,273624,0,0,0,0,2684745,https://www.agri.edu.tr/img/etkinlik_img/baslik_img/19-05-2025_09-12-53_1.jpg,0,148428,8,148428,False,364.39034807867404,56.6842999542132,1315.0873000267893,0,12671129,0.5310408817604185,
https://www.akdeniz.edu.tr/,88,2,11,7,60,7,0,0,1,0,69517485,69517485,69517485,165909,255703,346457,68506412,243004,0,0,0,0,5268510,https://webis.akdeniz.edu.tr/uploads/1/news/cadaeef9-7d29-4d79-a30e-1bad7936fd74.JPG,0,299788,63,68699526,False,2800.1540420439346,34.62520008906722,8305.908899987116,0,69517485,2.913444139994681,
https://www.aksaray.edu.tr/,63,2,11,12,28,8,0,0,1,1,3985328,3985328,3985328,124896,127423,537517,2430352,765140,0,0,0,0,536792,https://www.aksaray.edu.tr/images/de51a2f9-c80c-40a2-9b2b-8f2c7f337f4b.jpg,0,381276,12,381318,False,553.6455809571115,38.94060000311583,2759.5929000526667,0,3985328,0.16702316701412204,
https://www.alanya.edu.tr/,81,2,8,23,42,4,0,0,2,0,10067435,10067435,10067435,140386,484623,1555868,7546963,339572,0,0,23,0,856923,https://www.alanya.edu.tr/images/bg-events.jpg,0,7256837,23,1008393,False,4671.954503711198,39.77040003519505,15402.907500043511,0,10067435,0.4219213267788291,
https://alanyauniversity.edu.tr/,144,2,24,21,86,9,0,0,2,0,16589541,16589541,16589541,245553,1358757,1407936,12724772,852508,0,0,15,0,1912013,https://3fcampus.alanyahep.edu.tr/uploads/blocks/webadmin.ahep/block_94.png,0,3646318,87,13126444,False,625.0572638924091,27.98869996331632,1645.4038000665605,0,16589541,0.6952596316114068,
https://www.altinbas.edu.tr/,127,1,14,16,87,3,3,0,2,1,11818591,11818591,11818591,85048,621587,862699,9279685,890792,78780,0,0,0,1411168,https://www.altinbas.edu.tr/asset/awd/slider/SSM_1_20251001095004_1759301404.4879-3681.jpg,0,11102341,10,404076,False,170.21967795508817,13.360199984163046,621.6981000034139,5994677,17813268,0.7465454377233982,
https://www.amasya.edu.tr/,149,2,16,23,97,7,3,0,1,0,126700151,126700151,126700151,145710,760438,1499836,44911191,328212,79054764,0,0,0,39524324,https://www.amasya.edu.tr/media/un5hnxiu/tanitimkisa2024.mp4,0,1056659,32,17693490,False,1510.4292872371213,33.34779990836978,3803.5262000048533,39524324,166224475,6.966387270949781,
https://www.anadolu.edu.tr/,115,1,4,15,80,9,0,0,5,1,15919601,15919601,15919601,76477,110946,441942,14998866,289732,0,0,1638,0,3302120,https://www.anadolu.edu.tr/uploads/anadolu/images/slider/6903a6af20ddf.JPG,0,15841659,26,729060,False,401.117489566905,14.784800005145371,1177.1252999315038,0,15919601,0.6671827705577016,
https://www.ankarabilim.edu.tr/,76,1,32,12,23,7,1,0,0,0,10130643,10130643,10130643,188976,892613,401585,3396131,458640,4792698,0,0,0,4792698,https://ankarabilim.edu.tr/assets/frontside/img/banners/slider-bg.mp4,0,4771824,75,9941667,False,389.2539092109808,62.566200038418174,859.2019999632612,4792698,14923341,0.6254299962893128,
https://www.hacibayram.edu.tr/,79,5,6,27,23,5,0,0,13,0,29150112,29150112,29150112,547217,549903,4146668,23419122,368732,0,0,118470,0,11586065,https://takvim.hacibayram.edu.tr/uploads/8ba1c98208d8f49bb5cc97571f897222.jpg,0,19963130,41,22310678,False,160.2806113866641,7.781199994497001,791.7034000856802,0,29150112,1.22166708111763,
https://www.ankaramedipol.edu.tr/,171,6,47,55,48,6,0,0,7,2,10223351,10223351,10223351,353978,1984719,4876941,2820310,187268,0,0,7,128,849413,https://ankaramedipol.edu.tr/wp-content/uploads/2025/04/Banglades-foto1-min-scaled.jpg,0,10220307,170,10223351,False,207.67908412141398,0.14949997421354055,1091.2209999514744,0,10223351,0.42845569085329777,
https://www.mgu.edu.tr/,150,1,22,37,67,14,0,0,7,2,26656157,26656157,26656157,37757,292262,3427249,22593659,270104,0,0,35124,2,1961218,https://www.mgu.edu.tr/wp-content/uploads/2025/05/Rektore-Mesaj-Slider-Gorseli.jpg,0,733118,40,735157,False,610.431854671333,14.64430009946227,1911.8118000915274,0,26656157,1.1171466344967484,
https://asbu.edu.tr/,182,6,54,74,26,11,0,0,11,0,13340640,13340640,13340640,426162,964263,3475839,7603332,870436,0,0,608,0,810012,https://www.asbu.edu.tr/sites/anasayfa.asbu.edu.tr/files/gva-sliderlayer-upload/6.%20SOSYAL-U%CC%88NI%CC%87VERSI%CC%87TE-34y14r.jpg,0,13339885,52,3140600,False,291.3504208829561,0.20899996161460876,895.0411000987515,0,13340640,0.5590997636318207,
https://www.ankara.edu.tr/,58,1,2,5,44,3,1,0,2,0,28742575,28742575,28742575,51778,601831,1182157,4992613,180892,21564887,0,168417,0,21564887,https://ubys.ankara.edu.tr/Resources/Cms/31-05-2024/31-05-2024-15-30-22-news.mp4,0,28522380,17,25252275,False,243.31098448300477,3.261599922552705,4966.937100049108,0,28742575,1.204587402753532,
https://www.aybu.edu.tr/,308,1,13,15,275,3,0,0,1,0,210480993,210480993,210480993,513092,617427,475198,208702968,172308,0,0,0,0,27510692,https://www.aybu.edu.tr/GetFile?id=Upload\4be4b999-479e-4818-874b-0c6386620144.jpg,0,146499,2,146499,False,7466.199348704487,71.31719996687025,14476.690599927679,0,210480993,8.821156513877213,
https://www.belek.edu.tr/,80,3,16,17,29,14,0,0,1,0,19147654,19147654,19147654,79949,710737,1045476,17045016,266476,0,0,0,0,4846822,https://admin.belek.edu.tr/kalite/photos/be2a6798-9faf-4f59-8bdd-ebff4f246c32.jpg,0,931303,41,15886503,False,557.5256199910655,0.25299994740635157,3669.8477000463754,0,19147654,0.8024689089506866,
https://www.antalya.edu.tr/,114,10,8,8,76,9,2,0,1,0,50550461,50550461,50550461,212567,646148,456086,29033170,212340,19990150,0,0,0,10030928,https://antalya.edu.tr/uploads/sub/abu-intro_1762868743.mp4,0,1158174,113,50550299,False,2184.2340745671095,69.72450006287545,4992.556900018826,19990150,70540611,2.956322855316103,
https://www.ardahan.edu.tr/,133,10,21,30,62,4,0,0,5,1,8040022,8040022,8040022,313419,825435,2760154,3778931,353760,0,0,8323,0,520714,https://www.ardahan.edu.tr/Lib/JS/site/jquery-ui.js,0,1650021,53,1664984,False,1496.8460887281883,0.45039993710815907,3992.2077000373974,0,8040022,0.33695342950522905,
https://www.artvin.edu.tr/,334,1,12,23,290,4,0,0,4,0,11930844,11930844,11930844,339719,481393,1056554,9513449,538636,0,0,1093,0,769369,https://www.artvin.edu.tr/uploads/www.artvin.edu.tr/bannerler/2324_suerekli-egtim-merkezi-bannerdhlyb.png,0,11524152,10,356214,False,341.55259579497,49.76900003384799,1231.8715999135748,0,11930844,0.5000158958137036,
https://www.adiguzel.edu.tr/,271,2,42,45,167,12,0,0,3,0,29544633,29544633,29544633,33678,472150,791682,27838110,407896,0,0,1117,0,6035430,https://www.adiguzel.edu.tr/wp-content/uploads/2024/09/masaustu-final-banner-1920-x-1920-piksel.png,0,29517324,28,1186346,False,616.8024262049961,3.4953000722453,2031.091499957256,0,29544633,1.2382012652233245,
https://www.atauni.edu.tr/,85,3,6,14,51,9,0,0,2,0,9301715,9301715,9301715,194657,275577,532369,7983645,314404,0,0,1063,0,1486710,https://www.atauni.edu.tr/yuklemeler/fa0c52c628b052d0ce5903ca790924d3.jpg,0,9010455,72,2652448,False,225.84785062267824,13.151100021786988,868.8236000016332,802114130,811415845,34.00604522321373,
https://www.atilim.edu.tr/,87,5,5,29,39,4,0,0,4,1,17356462,17356462,17356462,140187,638031,1580270,14617892,380080,0,0,2,0,10230840,https://www.atilim.edu.tr/uploads/widgets/banner-4lu/1762255810-atilim_shcedule.jpg,0,16832859,39,1157269,False,139.2010425246888,5.685299984179437,658.6181999882683,0,17356462,0.7274009194225074,
https://www.avrasya.edu.tr/,119,2,16,14,76,11,0,0,0,0,16196652,16196652,16196652,20469,207427,229827,15344829,394100,0,0,0,0,1956755,https://avrasya.edu.tr/wp-content/uploads/2023/10/29-ekim-scaled-400x565.jpg,0,16112519,118,16196652,False,290.35551008521855,14.81750002130866,1056.062199990265,0,16196652,0.6787938438355924,
https://www.adu.edu.tr/,89,2,8,16,41,11,4,0,6,1,208345133,208345133,208345133,99398,75034,560727,18588424,353176,188660101,0,8273,0,51199124,https://www.adu.edu.tr/videos/4.mp4,0,970532,71,9399186,False,791.6813863690054,23.96949997637421,3698.6623000120744,716834090,925179223,38.773813317529864,
https://www.bau.edu.tr/,64,3,7,16,25,8,0,0,4,1,2908031,2908031,2908031,124437,419998,1059505,834614,468388,0,0,1089,0,558600,https://cdn.bau.edu.tr/banner/lvrbyfimwkc05-ApplyBau-Ba%C5%9Fvurular%C4%B1.png,0,2206110,63,2907853,False,154.59184843712137,16.92279998678714,1421.2664000224322,0,2908031,0.12187417130917312,
https://www.balikesir.edu.tr/,172,4,60,52,28,8,8,0,4,8,27171388,27171388,27171388,416028,363584,1244333,17187412,149756,7785101,0,25174,0,2308107,https://vod-adaptive-ak.vimeocdn.com/exp=1764934660~acl=%2Fbdf48097-3f16-4a4a-8388-32186dc9f055%2Fpsid%3D2ddb7066cd1c6a040d85d138fc4f76017fe5c08db966c2527c2784534a0789da%2F%2A~hmac=15e2d5f7056ac69dcb18a3787db1eaba6afe74f8dc753a6d9c0252b3518d321b/bdf48097-3f16-4a4a-8388-32186dc9f055/psid=2ddb7066cd1c6a040d85d138fc4f76017fe5c08db966c2527c2784534a0789da/v2/range/prot/cmFuZ2U9MTM1MS0yMzA5NDU3/avf/f7d52b6f-30a4-4adc-a704-d6d19fff8b5c.mp4?pathsig=8c953e4f~5l64Zf8fM7bZja2ETebwqnKgm82nnyIPyPzW6z3pZWc&r=dXMtY2VudHJhbDE%3D&range=1351-2309457,0,13970397,169,26690429,False,404.5274814023625,2.0129999611526728,1183.5406000027433,0,27171388,1.1387397162616255,
https://www.bandirma.edu.tr/,106,4,3,7,84,3,3,0,2,0,642125322,642125322,642125322,282130,410637,894672,8014277,421056,632102547,0,3,0,262379045,https://webyonetim.bandirma.edu.tr/Content/Web/Yuklemeler/DosyaYoneticisi/1130/files/BANDIRMA%20ONYEDI%CC%87%20EYLU%CC%88L%20U%CC%88NI%CC%87VERSI%CC%87TESI%CC%87%20TU%CC%88RKC%CC%A7E%20TANITIM%20FI%CC%87LMI%CC%87.mp4,0,478996,25,638634656,False,971.7457396228675,47.43789997883141,12141.19989995379,448469596,1090594918,45.70630501024426,
https://www.bartin.edu.tr/,84,2,9,4,62,5,1,0,1,0,63287295,63287295,63287295,182273,476356,212657,33141330,454708,28818295,0,1676,0,28818295,https://cdn.bartin.edu.tr/w3/slayt/adayogrencifwc8bxu.mp4,0,62277976,83,63134560,False,1245.2590976234726,45.70760007482022,4465.707900002599,28818295,92105590,3.8601006846874952,
https://www.baskent.edu.tr/,70,1,11,15,36,5,0,0,2,0,5843482,5843482,5843482,15117,108849,912097,4422836,384568,0,0,15,0,827716,https://www.baskent.edu.tr/upload/images/idari_birimler_panel/kutuphane-3.jpg,0,591521,9,591536,False,326.35268714012847,34.12119997665286,734.3909000046551,0,5843482,0.24489750154316428,
https://www.batman.edu.tr/,95,3,11,16,53,10,0,0,1,1,22953722,22953722,22953722,169882,373650,557449,21339457,513284,0,0,0,0,6815889,https://batman.edu.tr/img/slider/hosgeldin-2025.jpg,0,534357,94,22953492,False,1112.6634599947322,24.940299917943776,3817.5306000048295,0,22953722,0.9619793761521579,
https://www.bayburt.edu.tr/,216,26,13,58,60,25,0,0,34,0,18177676,18177676,18177676,1228557,930046,8457329,5142100,880428,0,0,1539216,0,1326344,https://www.bayburt.edu.tr/assets/index-BoLOmNkI.js,0,11470987,206,16284094,False,212.2797402785013,0.18039997667074203,593.9694000408053,0,18177676,0.7618176005780697,
https://www.beykoz.edu.tr/,97,4,7,22,47,8,0,0,8,1,9678169,9678169,9678169,268578,401391,1728089,5806429,1472280,0,0,1402,0,1342490,https://www.beykoz.edu.tr/uploads/2024/02/wd1qkbv9kwgq5-beykoz-universitesi-cover.jpg,0,9563138,42,2104473,False,219.5442154626698,36.786200013011694,864.5355999469757,0,9678169,0.405607377178967,
https://www.bezmialem.edu.tr/,156,6,13,37,89,4,0,0,6,1,11463021,11463021,11463021,213627,518027,2082822,8401446,200764,0,0,46335,0,686854,https://www.youtube.com/s/player/4e11051b/player_ias.vflset/tr_TR/base.js,0,11361530,155,11462848,False,1809.5197608949652,0.2266999799758196,4935.906400089152,0,11463021,0.4804096603766084,
https://www.bilecik.edu.tr/,45,1,12,15,7,10,0,0,0,0,2870215,2870215,2870215,350226,219833,635606,595158,1069392,0,0,0,0,350226,https://www.bilecik.edu.tr/,0,1456313,21,1812045,False,158.6842444466634,39.86839996650815,388.52440007030964,786035936,788906151,33.06267484556884,
https://www.bingol.edu.tr/,97,4,28,11,50,3,0,0,1,0,6935062,6935062,6935062,120229,115923,589862,6053812,55236,0,0,0,0,1443599,https://www.bingol.edu.tr/documents/file/bu_MainPageBoxes/Untitled-1-84617f4e-e552-4fdf-af3b-ab201fc6650c.png,0,6791770,6,298108,False,418.7962175286903,35.31829989515245,1116.0616999259219,0,6935062,0.2906450908631087,
https://www.biruni.edu.tr/,96,1,14,19,53,6,0,0,3,0,22816352,22816352,22816352,1425601,279030,935833,19466841,707336,0,0,1711,0,2569212,"https://www.biruni.edu.tr/content/images/uploads/originals/web%20tr%20(10),7274.png",0,1505156,28,1506101,False,667.3199770836314,14.565899968147278,1649.6206000447273,0,22816352,0.9562222659587861,
https://www.beu.edu.tr/,102,8,11,16,64,2,0,0,1,0,12654304,12654304,12654304,451570,81315,414390,11635301,71728,0,0,0,0,1550138,https://www.beu.edu.tr/Dosyalar/Mansetler/221220240124Normalymn.png,0,294214,7,294356,False,1249.414736272621,0.26030000299215317,2700.472299940884,0,12654304,0.5303357541561128,
https://www.boun.edu.tr/,280,12,19,18,151,27,41,0,12,0,300404959,300404959,300404959,54347,959936,6191829,29186973,873660,263084525,0,53689,0,15122511,https://mediastore.cc.bogazici.edu.tr/web/upload/ritimler/32-teknofest-2025-20250925-103351.mp4,0,7938988,279,300404797,False,1394.260179995659,32.41510002408177,8078.136299969628,21448713,321853672,13.48873157054186,
https://www.ibu.edu.tr/,160,6,16,27,98,4,0,0,7,2,16294676,16294676,16294676,62463,107489,1573402,14379673,163328,0,0,8321,0,2330936,https://www.ibu.edu.tr/Images/Uploads/MyContents/1172550-20240430115019842694.jpg,0,1209739,43,1221774,False,2136.872468747606,14.870100072585046,5491.911900113337,0,16294676,0.6829019822180271,
https://www.mehmetakif.edu.tr/,197,1,7,151,27,2,0,0,9,0,6327138,6327138,6327138,461995,55903,4182544,1189639,44732,0,0,392325,0,1628814,https://www.mehmetakif.edu.tr/_nuxt/lB548qyd.js,0,4305184,23,1656084,False,261.39526455545257,0.1976999919861555,1107.61750000529,0,6285467,0.2634208789095283,
https://www.btu.edu.tr/,113,1,7,10,94,1,0,0,0,0,33949906,33949906,33949906,21339,59892,351465,33367190,150020,0,0,0,0,3881386,https://depo.btu.edu.tr/img/etkinlikler//1755516448.jpeg,0,21339,110,33845617,False,706.4930716739655,75.63269999809563,2600.2338000107557,0,33949906,1.4228241238743067,
https://www.uludag.edu.tr/,122,2,18,33,60,5,0,0,4,0,7860300,7860300,7860300,193265,432450,1853748,5006223,373492,0,0,1122,0,847809,https://cdn.teknofest.org/media/upload/userFormUpload/t3-logo-TR-01_wnoJj_1_5TSjS.png,0,1449454,42,3120828,False,272.8520762270744,20.435000071302056,915.388600085862,0,7860300,0.32942136749625206,
https://www.cag.edu.tr/,118,5,5,15,86,4,0,0,2,1,9043543,9043543,9043543,591982,25078,1992309,6292299,141875,0,0,0,0,709919,https://www.cag.edu.tr/assets/js/all.min.js,0,9038423,27,1353075,False,629.518630507923,1.6409000381827354,1677.6632000692189,0,9043543,0.3790105087682605,
https://www.comu.edu.tr/,536,7,15,36,342,14,3,0,119,0,177744693,177744693,177744693,210176,698835,3250501,24921925,332400,96391544,0,51939312,0,48143144,https://www.comu.edu.tr/assets/video/tanitim-7.mp4,0,54986246,461,74760798,False,107.32466492492622,0.1479999627918005,1159.8458000225946,48143144,225887837,9.466849886812271,
https://www.cankaya.edu.tr/,92,23,8,8,48,5,0,0,0,0,6265065,6265065,6265065,15771,109132,66708,5785654,287800,0,0,0,0,1315239,https://www.cankaya.edu.tr/img/video.png,0,348112,28,353277,False,161.60930217365208,24.749099975451827,467.8931999951601,0,6265065,0.26256584096699953,
https://karatekin.edu.tr/,101,2,20,24,43,9,0,0,3,0,20896743,20896743,20896743,649872,1565884,1394848,16938140,339292,0,0,8707,0,5886223,https://krtknadmn.karatekin.edu.tr/files/karatekin/slide/c998f26d346f4fec8643a3bd6f8cc261.jpg,0,538714,12,538714,False,278.1508534704104,22.209999966435134,1085.487600066699,0,20896743,0.875772382132709,
https://www.cu.edu.tr/,83,1,3,2,66,10,0,0,1,0,17030057,17030057,17030057,573328,145297,369897,15171787,769748,0,0,0,0,3487519,https://www.cu.edu.tr/media/jh2etlfx/rhapsody-7-2026-orjinal-ju-rili-afis-_page-0001.jpg,0,2556956,17,864929,False,700.567918072219,82.21129991579801,1625.9077000431716,0,17030057,0.713721443898976,
https://demiroglu.bilim.edu.tr/,108,4,3,21,67,7,0,0,6,0,7530597,7530597,7530597,380616,297661,1367522,5236941,247584,0,0,273,0,686854,https://www.youtube.com/s/player/4e11051b/player_ias.vflset/tr_TR/base.js,0,7067486,28,1636250,False,280.81401851334334,12.751600006595254,3316.1968999775127,0,7530597,0.315603674389422,
https://www.dicle.edu.tr/,72,1,10,6,50,5,0,0,0,0,5349001,5349001,5349001,152406,55082,77189,4694548,369776,0,0,0,0,240993,https://www.dicle.edu.tr/Contents/Banners/00000000-0000-0000-0000-000000000000/e04432ffc4834c79b2d970fad338c478_WhatsApp%20Image%202025-05-25%20at%2017.12.12.jpeg,0,0,0,0,False,15524.291279167906,740.9222000278533,26012.933500111103,0,5349001,0.2241740422323346,
https://www.dogus.edu.tr/,144,6,5,23,95,8,0,0,7,0,16737789,16737789,16737789,54452,108938,1544668,14485052,501016,0,0,43663,0,877280,https://www.dogus.edu.tr/images/default-source/haberler-2025/%C5%9Fef-claudio/haber-kapak_haber-pc.jpg?sfvrsn=f9bd208_4,0,3337309,56,2129751,False,468.6334020904421,0.2929000183939934,1424.1303999442607,0,16737789,0.7014726335182787,
https://www.deu.edu.tr/,147,66,35,28,15,1,0,0,2,0,1029965,1029965,1029965,57313,104208,681795,112147,66624,0,0,7878,0,134706,https://www.googletagmanager.com/gtag/js?id=G-BM5GT0D05P&cx=c&gtm=4e5c31,0,1006048,17,555820,False,318.69458095851627,4.508399986661971,1216.9671000447124,0,1029965,0.04316533450037241,
https://duzce.edu.tr/,46,1,5,8,25,5,0,0,2,0,17226582,17226582,17226582,11676,36987,382100,16554035,241732,0,0,52,0,2193069,https://cdn.duzce.edu.tr/file/getfile/deb1fb3f-701e-4528-86a2-c17ee0a9a8d5,0,313688,9,446824,False,545.8317347852837,35.46060004737228,1209.2550001107156,0,17226582,0.7219577115029098,
https://www.ege.edu.tr/,122,44,19,22,26,5,0,0,6,0,5634461,5634461,5634461,113392,465011,1948913,2682319,423732,0,0,1094,0,688971,https://pl.weaccess.ai/static/tool/wetoolv1.js,0,965741,121,5634234,False,554.5130581976694,48.52429998572916,1893.6736000468954,0,5634461,0.23613753262907267,
https://www.erciyes.edu.tr/,207,5,4,17,162,11,0,0,8,0,37636311,37636311,37636311,192278,935579,1321372,33929253,1238012,0,0,19817,0,760915,https://www.erciyes.edu.tr/bundles/bootstrap?v=yjOQe7rWYWP5ZIFNtOy9qgBWkQ97PGjafz-N014SVGc1,0,1871580,27,1854887,False,1710.3447666659429,23.91150000039488,4120.67209999077,0,37636311,1.5773195726796985,
https://www.ebyu.edu.tr/,182,2,39,58,69,14,0,0,0,0,15505301,15505301,15505301,294294,406273,483723,13537527,783484,0,0,0,0,1865546,https://ebyu.edu.tr/wp-content/uploads/2023/10/Ekran-Resmi-2023-10-11-10.59.35-1.png,0,14750120,181,15505301,False,1037.4938670320662,35.01220000907779,2068.735299981199,0,15505301,0.6498196581378579,
https://www.erzurum.edu.tr/,68,3,9,13,36,4,0,0,2,1,6824130,6824130,6824130,132191,373985,815579,5245047,249228,0,0,8100,0,573834,https://erzurum.edu.tr/Content/duyuru/image/2af32b48-05c0-45a8-935a-7bba52c982de.jpg,0,1678489,67,6823968,False,219.75152353886241,4.520799964666367,449.5737999677658,0,6824130,0.28599598444998264,
https://www.ogu.edu.tr/,53,1,9,5,34,3,0,0,1,0,6370805,6370805,6370805,64337,118829,325169,5695234,167236,0,0,0,0,656476,https://www.ogu.edu.tr/files/haber/4ce5e477-bb45-4188-a11e-19dc2813d1ac/img.jpg?v=1,0,249014,7,249014,False,315.16521888178823,48.79360005725175,546.4255000697449,0,6370805,0.26699735317379236,
https://www.eskisehir.edu.tr/,112,1,9,23,65,11,0,0,3,0,9615799,9615799,9615799,35510,137271,651216,8588596,201892,0,0,1314,0,943792,https://www.eskisehir.edu.tr/Uploads/www/Slider/266262626.jpg,0,472719,20,473267,False,762.0798428522123,14.26919992081821,1872.7539000101388,0,9615799,0.40299348067492247,
https://www.fsm.edu.tr/,221,11,30,52,113,8,0,0,6,1,20230329,20230329,20230329,664293,442793,4586965,14388036,146308,0,0,1806,128,1072338,https://www.fsm.edu.tr/resimler/upload/142022-05-20-10-43-08pm.jpg,0,19826130,73,5168933,False,88.8717122164205,0.16139994841068983,842.3586999997497,0,20230329,0.8478432940319182,
https://www.fbu.edu.tr/,264,12,16,71,120,19,0,0,26,0,158787703,158787703,158787703,9936658,306174,3608214,137021690,821328,0,0,7093639,0,14905341,https://www.fbu.edu.tr/media/haberler/577184bd-bc1e-485d-91f0-bafba068ea64_1759728739.jpeg,0,11905859,89,10149177,False,357.15023612297233,0.12149999383836985,8789.4180000294,0,158787703,6.654715756885707,
https://www.firat.edu.tr/,145,4,31,20,73,10,3,0,4,0,156419394,156419394,156419394,471531,434411,1196843,16553074,599808,137163108,0,619,0,68560332,https://www.firat.edu.tr/front/videos/trailernew.mp4,0,961768,21,1005736,False,939.4270744825039,1.8847000319510698,2239.1216999385506,68560364,224979758,9.428792735561728,
https://gazi.edu.tr/,105,2,10,18,64,9,0,0,2,0,11407945,11407945,11407945,281089,431597,1543930,8313974,837352,0,0,3,0,662007,https://webupload.gazi.edu.tr/upload/1/2021/12/27/d1d2466e-8932-4abc-83ef-7a0c6c9e1c4d-150-kapak.jpg,0,11207237,14,1384052,False,126.90581523347646,4.739299998618662,521.6043000109494,0,11407945,0.4781014518812299,
https://www.gibtu.edu.tr/,129,3,33,26,58,6,0,0,2,1,18715033,18715033,18715033,776438,99199,769205,16074689,983492,0,0,12010,0,898635,https://www.gibtu.edu.tr/medya/yonetimfoto/gibtu_bolumler_bg.png,0,543865,16,546675,False,1112.1289891501267,21.156999981030822,3290.8652999904007,0,18715033,0.7843379722908139,
https://www.gantep.edu.tr/,113,6,10,19,56,17,0,0,5,0,9844050,9844050,9844050,328403,112818,1902247,6579490,912984,0,0,8108,0,778531,https://ibs.gaziantep.edu.tr/gaun_slider/gantep-21763532826.png,0,1840626,112,9843813,False,245.83978937378367,7.647400023415685,633.9837000705302,0,9844050,0.41255936957895756,
https://www.gtu.edu.tr/,135,9,7,40,43,8,0,0,28,0,7446968,7446968,7446968,807236,293379,4298344,1731681,311192,0,0,5136,0,686854,https://www.youtube.com/s/player/4e11051b/player_ias.vflset/tr_TR/base.js,0,7445876,71,4820962,False,218.18698357717733,0.22990000434219837,1922.2603999078274,0,7446968,0.31209882348775864,
https://www.giresun.edu.tr/,88,3,11,9,58,7,0,0,0,0,11708824,11708824,11708824,27962,62608,231060,10817986,569208,0,0,0,0,1026930,https://www.giresun.edu.tr/Files/Images/slider-liman_cropped-2647.jpg,0,1613,1,1613,False,521.6610840923914,41.17059998679906,962.6406999304891,0,11708824,0.4907111451029778,
https://www.gumushane.edu.tr/,113,2,7,32,57,0,0,0,15,0,45808312,45808312,45808312,218650,385156,1463092,43493732,0,0,0,247682,0,6072346,https://arsiv.gumushane.edu.tr/media/uploads/images/users/niyazi.poyraz/IMG_8052.JPG,0,3149097,58,42772752,False,440.104033621811,0.6361999548971653,2932.2467000456527,0,45808312,1.9198041781783104,
https://www.hacettepe.edu.tr/,55,1,6,9,32,4,1,0,2,0,49740973,49740973,49740973,10458,99493,239473,8314521,232460,40844553,0,15,0,40844553,https://www.hacettepe.edu.tr/img/tanitim2025v02.mp4,0,289420,21,7718388,False,175.18486182036048,18.24780006427318,702.6503999950364,0,49740973,2.084620096720755,
https://www.hakkari.edu.tr/,68,1,8,14,37,6,0,0,2,0,5314284,5314284,5314284,313724,240186,384855,2186818,2187204,0,0,1497,0,582932,https://www.hakkari.edu.tr/assets/fonts/PFDinTextPro-Light.ttf,0,248972,8,249703,False,168.9350176568362,14.414899982511997,893.4491999680176,0,5314284,0.22271906957030296,
https://www.halic.edu.tr/,68,2,1,16,30,13,4,0,2,0,49203979,49203979,49203979,348044,21659,602107,2830601,90984,45310584,0,0,0,40532124,https://halic.edu.tr/slider_video.mp4,0,576301,67,49203979,False,155.99298529559746,33.79809996113181,382.5191999785602,45232444,94436423,3.957784767262638,
https://www.harran.edu.tr/,24,3,4,5,9,1,1,0,1,0,24601222,24601222,24601222,6276,85986,893068,12519633,267104,10829155,0,0,0,10829155,https://www.harran.edu.tr/Dosyalar/Mansetler/240920251144Mobilharrantanitim.mp4,0,948717,9,948717,False,233.1380624867355,34.708700026385486,513.892599963583,21658310,46259532,1.9387145899236202,
https://www.hku.edu.tr/,37,1,22,6,5,2,0,0,1,0,3054564,3054564,3054564,388164,1648962,685437,222965,109036,0,0,0,0,466681,https://www.hku.edu.tr/wp-content/cache/min/1/wp-content/plugins/js_composer/assets/css/js_composer.min.css?ver=1761676363,0,3054564,1,14010,False,74.03603782625618,0.5643999902531505,230.89620005339384,0,3054564,0.12801529839634895,
https://www.mku.edu.tr/,42,2,3,3,16,6,0,0,12,0,6851235,6851235,6851235,2454,199311,429007,5298833,546668,0,0,374962,0,2745999,https://www.mku.edu.tr/assets/mku_04-BRSCfz0B.jpg,0,458132,32,3331994,False,423.9541833272337,35.6366999913007,1291.5721000172198,0,6851235,0.2871319418773055,
https://www.hitit.edu.tr/,69,3,11,16,32,6,0,0,1,0,21234682,21234682,21234682,248971,984556,1902749,17546958,551448,0,0,0,0,6190063,https://cdn.hitit.edu.tr/hitit/images/original/1-20251124141926670.jpg,0,16912836,68,21234682,False,250.4899029019356,36.14319988992065,815.228599938564,0,21234682,0.8899352420121432,
https://www.igdir.edu.tr/,67,12,3,3,35,6,0,0,8,0,6796367,6796367,6796367,121286,917117,2886450,2603826,227728,0,0,39960,0,2862043,https://www.igdir.edu.tr/web/assets/16943-70e8274/1/web.assets_frontend_lazy.min.js,0,6254475,7,190969,False,156.80391790949975,2.9494999907910824,416.22829996049404,0,6796367,0.28483245056122547,
https://www.isparta.edu.tr/,66,1,14,18,26,6,0,0,1,0,5677870,5677870,5677870,35436,698961,1355916,2401125,1186432,0,0,0,0,679449,https://www.isparta.edu.tr/assetsv2/images/promotion-video-bg.png,0,5642434,3,177132,False,328.15927424058884,41.70139995403588,742.1402999898419,0,5677870,0.23795678280293941,
https://www.ihu.edu.tr/,78,3,5,12,49,3,0,0,5,1,14825382,14825382,14825382,18114,55376,3677894,10979352,88940,0,0,5706,0,2635604,https://www.ihu.edu.tr/assets/plugins/fontawesome-7/regular.min.js,0,8428226,54,8413903,False,427.90996154041915,18.904800061136484,1200.299699907191,0,14825382,0.6213245820254089,
https://www.bilkent.edu.tr/,131,11,18,45,36,7,0,0,14,0,7884968,7884968,7884968,624223,372553,3763277,2864952,258856,0,0,1107,0,908264,https://w3.bilkent.edu.tr/bilkent/wp-content/uploads/sites/2/2023/02/gorsel_burs.jpg,0,4874855,130,7884751,False,182.3275679374071,0.26050000451505184,928.6677000345662,0,7884968,0.3304551914334297,
https://www.inonu.edu.tr/,61,2,5,14,29,1,0,0,10,0,3998844,3998844,3998844,4140,37098,637637,3253678,19596,0,0,46695,0,1041649,https://admin.inonu.edu.tr/servlet/image/ModuleCarousel/5946/31-10-2025_094500966_S3.png,0,140059,35,3157024,False,170.2583131063577,31.80120000615716,666.2341000046581,0,3998844,0.16758961603045464,
https://www.iste.edu.tr/,91,5,5,37,19,6,0,0,18,1,9031957,9031957,9031957,283163,368274,1936375,3836548,268696,0,0,2338901,0,822202,https://rr5---sn-nv47lnsy.googlevideo.com/videoplayback?expire=1764953768&ei=SLoyabn8H6bGi9oPnYfV-Ac&ip=176.218.5.166&id=o-AD38pBdn-bFht-K3AlqqrzAQvRZnm-3IwfWb5R-FjUlL&itag=243&aitags=133%2C134%2C135%2C136%2C137%2C160%2C242%2C243%2C244%2C247%2C248%2C278&source=youtube&requiressl=yes&xpc=EgVo2aDSNQ%3D%3D&cps=6&met=1764932168%2C&mh=6A&mm=31%2C26&mn=sn-nv47lnsy%2Csn-4g5edndl&ms=au%2Conr&mv=m&mvi=5&pl=20&rms=au%2Cau&initcwndbps=2286250&bui=AdEuB5TDb_jFuTnNRaN5Hb5DnJLq9MJLKyhYqBbnho0-DvFg0ne3gHVlbTIQoAOq_qhWROmgOz6txa35&spc=6b0G_EpcJc-yJhwPeyQKZdM15sxcFcnBvewg4cNBaqWUYEwhOEupjZrU_sjp61H3BOE&vprv=1&svpuc=1&mime=video%2Fwebm&ns=lUJ1KjBu_1RGYrZidO43zrEQ&rqh=1&gir=yes&clen=10637066&dur=182.033&lmt=1756151309492193&mt=1764931732&fvip=4&keepalive=yes&fexp=51552689%2C51565116%2C51565681%2C51580968%2C51669167%2C51673847&c=WEB_EMBEDDED_PLAYER&sefc=1&txp=530F224&n=OotvyTJZviuPsg&sparams=expire%2Cei%2Cip%2Cid%2Caitags%2Csource%2Crequiressl%2Cxpc%2Cbui%2Cspc%2Cvprv%2Csvpuc%2Cmime%2Cns%2Crqh%2Cgir%2Cclen%2Cdur%2Clmt&sig=AJfQdSswRgIhAMRMrFCzDov_mFg9SCHxdURim_mWqiH-WqSDC5QiiU_jAiEA6-d2RDnq5JcOvF_JirQ-eJoZLoFvMEZn45-XWlMykXY%3D&lsparams=cps%2Cmet%2Cmh%2Cmm%2Cmn%2Cms%2Cmv%2Cmvi%2Cpl%2Crms%2Cinitcwndbps&lsig=APaTxxMwRgIhALbCBFXZaPeHX50IPlWH83EEYHdOsPGS4W6NZ4ogaNzcAiEA6_JWempsmNtxYokQtE1-ivHheKIVrxW7fgJVcSVDlG4%3D&alr=yes&cpn=YJ3hwCstUZ6rjiQZ&cver=1.20251204.01.00&range=951458-1773596&rn=8&rbuf=15000&pot=IgjtzuzPhPxXhg==&ump=1&srfvp=1,0,4143034,55,4178728,False,154.42649560218044,18.229400040581822,531.3531999709085,0,9031957,0.37852494511753326,
https://www.arel.edu.tr/,216,4,33,124,46,5,0,0,4,0,11398151,11398151,11398151,281321,3078759,3796206,4006490,235352,0,0,23,0,1433542,https://arel.edu.tr/wp-content/themes/_bridge/css/stylesheet.min.css?ver=6.9,0,1517121,212,10834771,False,1478.965554629987,17.477400018833578,3672.199000022374,0,11398151,0.47769099008291965,
https://atlas.edu.tr/,121,6,23,35,41,10,0,0,5,1,3996303,3996303,3996303,406317,140143,1056763,2020675,370104,0,0,2301,0,404280,https://www.atlas.edu.tr/,0,3986798,42,1006195,False,213.53929091056364,0.634100055322051,1706.020100042224,0,3996303,0.16748312395066026,
https://www.aydin.edu.tr/,98,8,8,20,36,5,0,0,20,1,11057030,11057030,11057030,203949,228464,704096,9450177,392144,0,0,78200,0,2533988,https://www.aydin.edu.tr/tr-tr/Slider/2025%20QS%20RANKED%20TR.jpg,0,11014149,44,3163485,False,287.16279183305346,56.56319996342063,650.9851000737399,0,11057030,0.4633947741240263,
https://www.beykent.edu.tr/,200,10,13,54,92,7,0,0,18,6,33714685,33714685,33714685,164649,2853561,19549840,10620167,95848,0,0,430620,0,5573133,https://beykentchat.sonitel.io:8130/main.a1540dc71781fcdf.js,0,13216639,111,22048868,False,157.2839925007429,0.10760000441223383,1389.7168000694364,0,33714685,1.4129661256447434,
https://www.bilgi.edu.tr/,103,3,13,19,58,6,0,0,4,0,5576091,5576091,5576091,193852,445639,782316,3900026,254256,0,0,2,0,300784,https://www.bilgi.edu.tr/media/covers/2025/12/02/isitme-taramasi-etkinligi_1200x628.jpg,0,4764078,37,1074568,False,219.8178735264924,24.06249998603016,492.1510999556631,0,5576091,0.23369127418845892,
https://www.esenyurt.edu.tr/,52,2,2,11,33,1,1,0,2,0,54570687,54570687,54570687,128694,327202,909402,1772008,811412,50621969,0,0,0,50621969,https://www.esenyurt.edu.tr/uploads/2024/07/jupr9qdt4e16w-esenyurt-universitesi-video.mp4,0,3005568,17,728740,False,91.75781729684856,8.681199979037046,397.3689000122249,0,54570687,2.287031072191894,
https://www.galata.edu.tr/,100,3,5,24,51,12,0,0,5,0,21567173,21567173,21567173,22888,82813,2308586,19042312,109160,0,0,1414,0,3698016,https://galata.edu.tr/BackOffice/UploadImage/News/7f0999c0-4b11-4671-bef1-aaf6e0edbd7b.JPG,0,1542716,71,20260873,False,920.9787646470817,8.34010005928576,2723.1912999413908,0,21567173,0.9038697788491846,
https://www.gedik.edu.tr/,139,3,27,44,53,4,0,0,7,1,4435684,4435684,4435684,239517,709344,1765596,1547265,168072,0,0,5890,0,243222,https://www.gedik.edu.tr/wp-content/uploads/logo-2022.jpg,0,4345948,45,1598948,False,330.27838705368873,14.08410002477467,812.0351999532431,0,4435684,0.1858973689377308,
https://www.gelisim.edu.tr/,90,2,9,20,48,5,0,0,5,1,12350395,12350395,12350395,48091,97736,1008345,10738493,457296,0,0,434,0,1423737,https://panel.gelisim.edu.tr/assets/2025/resimler/igusurdurulebilirkisafilm/3d-cinema-movie-projector_1175773bb1444c46a782df9b815878eb.png,0,11057143,59,11094126,False,232.01144546460867,18.711700104176998,769.7144000558183,0,12350395,0.517599075101316,
https://www.kent.edu.tr/,88,2,17,20,42,4,2,0,1,0,13584006,13584006,13584006,40549,97238,267801,2659244,265924,10252194,0,1056,0,6047403,https://www.kent.edu.tr/content/files/Sanal-Tur/Kent%20Uni%20Taksim%20720p.mp4,0,254549,12,254745,False,285.8219454554439,31.385199981741607,1962.8015999915078,10252194,23836200,0.9989636018872261,
https://www.iku.edu.tr/,76,1,10,18,35,9,0,0,2,1,12413094,12413094,12413094,85728,561115,1040031,10228740,497480,0,0,0,0,1513637,https://www.iku.edu.tr/sites/default/files/styles/slideshow_1140x500_/public/2023-12/ogrenci-basarisi.png?itok=R37e6U9Q,0,12413052,23,1125628,False,367.6208184226293,17.477899906225502,968.8256999943405,0,12413094,0.5202267598360778,
https://www.medeniyet.edu.tr/,95,3,3,5,79,2,0,0,3,0,9868069,9868069,9868069,123154,216475,306664,9154501,66556,0,0,719,0,1644889,https://www.medeniyet.edu.tr/documents/_thumbs/file/foto/2024/13/ornek5_kutuphane-banner(2)_1500_395.png,0,9744786,22,359665,False,741.9432242094588,2.6558999670669436,1384.4895999645814,0,9868069,0.41356599424034357,
https://www.medipol.edu.tr/,194,7,53,72,42,6,1,0,12,1,16208285,16208285,16208285,142940,240383,3049765,5859088,77992,6837028,0,1089,0,6837028,https://www.medipol.edu.tr/sites/default/files/2025-10/Slider_5mb%20%281%29.mp4,0,16046313,79,1893388,False,151.14626133893665,0.43729995377361774,471.1357000051066,6837028,23045313,0.9658179106190802,
https://www.nisantasi.edu.tr/,118,3,9,13,80,3,0,0,10,0,8687143,8687143,8687143,149249,1153928,1679097,5424725,93301,0,0,186843,0,1272544,https://www.nisantasi.edu.tr/dist/nu.min.js?v=3.7,0,8536868,26,796667,False,102.22720169320198,0.2812000457197428,744.3877999903634,0,8687143,0.36407395731657743,
https://www.okan.edu.tr/,276,5,7,11,238,7,2,0,6,0,22584902,22584902,22584902,149457,283562,1300169,15977518,111088,4760128,0,2980,0,3119132,https://www.okan.edu.tr/uploads/c_1920x1200/slider/hastanelerimizden-okanlilara-ozel/hastanelerimizden-okanlilara-ozel-banner-28072025.png,0,14614339,19,721520,False,826.6502233590917,24.199899984523654,1543.6170999892056,5775472,28360374,1.1885695438832047,
https://www.rumeli.edu.tr/,2,1,0,0,0,0,0,0,0,1,128,128,128,0,0,0,0,0,0,0,0,128,128,https://www.rumeli.edu.tr/cdn-cgi/speculation,0,0,0,0,False,283.0636499566026,55.9335999423638,510.1936999708414,0,128,5.364418029785156e-06,
https://www.izu.edu.tr/,146,8,13,49,54,11,0,0,11,0,15936599,15936599,15936599,516277,311425,3761671,10943443,402964,0,0,819,0,2620770,https://www.izu.edu.tr/images/default-source/8-akademik-acilis-toreni/sanal-kampus-turu-01.jpg?sfvrsn=8f81cde0_0,0,4951543,79,4601227,False,293.5290191791416,0.20539993420243263,1203.6929000169039,0,15936599,0.6678951485082508,
https://www.istun.edu.tr/,86,4,14,26,17,17,2,0,5,1,21934623,21934623,21934623,110272,655003,3992379,1689492,786348,14699719,0,1410,0,14680021,https://www.istun.edu.tr/uploads/hm/ad.2023.mp4?v=.02,0,3868480,62,3873133,False,143.6783869035675,0.2028999151661992,493.3697999222204,4294213,26228836,1.0992378182709217,
https://www.sisli.edu.tr/,124,2,6,14,95,5,0,0,2,0,6123717,6123717,6123717,67427,155086,557350,5156810,186868,0,0,176,0,553278,https://www.sisli.edu.tr/wp-content/uploads/2025/10/6-1.png,0,6121282,9,332477,False,152.8668580783321,0.9374999208375812,478.249300038442,0,6123717,0.2566420147195459,
https://www.itu.edu.tr/,138,2,12,32,81,4,0,0,7,0,9342828,9342828,9342828,35178,83047,1233541,7853355,117072,0,0,20635,0,2053082,https://etkinlik.itu.edu.tr/uploads/etkinlik/fdb0952e-9e6c-4c41-8f68-481ceb9b76b6.jpg,0,6180185,54,3467911,False,294.9282941998968,5.472499993629754,9191.991000087,0,9342828,0.3915533982217312,
https://www.ticaret.edu.tr/,156,11,10,42,75,4,0,0,9,5,7254740,7254740,7254740,196322,114933,1967874,4797422,175200,0,0,2989,0,686854,https://www.youtube.com/s/player/4e11051b/player_ias.vflset/tr_TR/base.js,0,2316946,155,7254738,False,195.13786538766746,1.9139000214636326,759.7917000530288,0,7254740,0.30404264107346535,
https://topkapi.edu.tr/,57,6,1,5,43,0,0,0,2,0,4482467,4482467,4482467,124957,20242,417386,3919882,0,0,0,0,0,231787,https://www.topkapi.edu.tr/Uploads/Gallery/Large/c1dc11f0-71e9-4667-a35c-e91e74d5d969.jpg?v-638580421410180891,0,348758,7,348758,False,345.2437087717842,26.582100079394877,660.8969999942929,0,4482467,0.1878580218181014,
https://www.istanbul.edu.tr/,237,11,16,39,93,11,3,0,64,0,228721033,228721033,228721033,613284,389699,4862459,80138532,5589148,136673456,0,454455,0,68418960,https://www.istanbul.edu.tr/assets/video/istanbul_edu_movie2_1080.mp4,0,10999530,218,90158205,False,351.1658400834542,0.16880000475794077,2934.2939000343904,0,228721033,9.585587759502232,
https://iuc.edu.tr/,108,4,10,21,30,7,0,0,36,0,10360153,10360153,10360153,157090,368713,5542649,3295119,265224,0,0,731358,0,4121526,https://iuc.edu.tr/js/vendor-8dc9cb5f3c.min.js,0,1986116,37,1822479,False,237.40822036914457,0.17330003902316093,888.0090999882668,0,10360153,0.4341889964416623,
https://www.yeniyuzyil.edu.tr/,90,1,8,15,56,7,0,0,3,0,10693689,10693689,10693689,126735,579838,817884,8570816,588872,0,0,9544,0,3466637,https://www.yeniyuzyil.edu.tr/assets/images/background/bgokul.jpg,0,10536942,63,5612221,False,324.02590666897595,10.319099994376302,770.6244000000879,0,10693689,0.44816732872277504,
https://www.29mayis.edu.tr/,50,2,5,11,27,4,0,0,1,0,3581398,3581398,3581398,16756,59932,705893,2691873,106944,0,0,0,0,1249038,https://filehost.29mayis.edu.tr/upload/2025/12/04/osmali_istanbulu_sempozyumu_12_-_basvuru_teblig_kabul_slider_copy.jpg,0,1113547,27,3281704,False,401.0104899900034,55.29229994863272,755.5474999826401,0,3581398,0.15009465627372268,
https://www.istinye.edu.tr/,82,2,5,21,28,14,2,0,8,2,54981289,54981289,54981289,161311,1123892,1724260,33420765,107588,18418172,0,25301,0,11672265,https://www.istinye.edu.tr/sites/default/files/2025-06/DSCF8094124122215.jpg,0,36151942,50,1509427,False,153.2340829272005,2.034700009971857,410.04689992405474,18418172,73399461,3.0761358747258787,
https://www.bakircay.edu.tr/,87,3,17,23,33,7,1,0,3,0,22345100,22345100,22345100,33904,252482,1586811,6603676,677252,13189881,0,1094,0,13189881,https://www.bakircay.edu.tr/video/anasayfa_low.mp4,0,1131230,29,1831815,False,245.20763103855538,5.6634999345988035,1004.8706999514252,13189881,35534981,1.489253849722445,
https://www.idu.edu.tr/,87,2,10,6,56,11,0,0,1,1,3996526,3996526,3996526,77405,337359,389393,2754309,438060,0,0,0,0,733080,https://www.idu.edu.tr/wp-content/uploads/2018/03/logo.png,0,756666,85,3263446,False,412.43305516927023,50.20140006672591,756.1537000583485,0,3996526,0.16749246977269652,
https://www.ieu.edu.tr/,69,4,7,19,23,7,0,0,8,1,17033338,17033338,17033338,215221,2154811,6103936,7882264,676008,0,0,1098,0,3623961,https://phoenix.ieu.edu.tr/betanix/images/uploads/etkinlik/etkinlik_1764145777.png,0,8064918,47,10683351,False,208.72505146989545,21.434900001622736,1002.9632999794558,0,17033338,0.713858949020505,
https://www.ikcu.edu.tr/,56,2,5,9,34,5,0,0,1,0,12416667,12416667,12416667,270064,399402,637673,10894532,214996,0,0,0,0,1469952,https://ikcu.edu.tr/storage/2025/10/23/952039b1-712e-478b-861e-595ed417f673.JPG,0,12416667,55,12416667,False,728.0602160629185,65.14960003551096,2950.6015999941155,0,12416667,0.5203765025362372,
https://www.kavram.edu.tr/,179,4,24,31,96,9,0,0,15,0,45710840,45710840,45710840,77208,2639172,18763989,23546618,256276,0,0,427577,0,5573133,https://beykentchat.sonitel.io:8130/main.a1540dc71781fcdf.js,0,1953682,62,20825636,False,1084.571315643544,0.12640003114938736,3735.102300066501,0,45710840,1.915719173848629,
https://www.tinaztepe.edu.tr/,138,4,21,39,60,8,1,0,4,1,58099475,58099475,58099475,346220,250385,2493378,32347510,255544,22406423,0,15,0,22406423,https://tinaztepe.edu.tr/uploads/modal/tinaztepe_tanitim_videosu.mp4,0,57667254,137,57843391,False,494.9168108725934,0.22130005527287722,2495.6849000882357,22406423,80505898,3.3739632088691,
https://www.iyte.edu.tr/,125,4,10,57,42,7,0,0,5,0,6709969,6709969,6709969,26375,1058611,1936862,3252515,432728,0,0,2878,0,781683,https://iyte.edu.tr/wp-content/cache/autoptimize/1/css/autoptimize_8bd56a3c9d78076aadbaed79578e56fd.css,0,945365,124,6709969,False,439.18269039690495,26.05809993110597,1259.8800000268966,0,6709969,0.28121155221015215,
https://www.khas.edu.tr/,153,10,28,50,35,10,2,0,18,0,60134891,60134891,60134891,918370,1752058,5690647,6980965,628164,43958519,0,206168,0,22018466,https://www.khas.edu.tr/wp-content/uploads/slider-main-03-03-2025.mp4?t=2,0,59598227,86,5967552,False,239.61438692944867,0.18370000179857016,1145.3163999831304,139246111,199381002,8.355961265042424,
https://www.kafkas.edu.tr/,94,1,15,16,57,5,0,0,0,0,10434566,10434566,10434566,34310,113474,398171,9346247,542364,0,0,0,0,769344,https://www.kafkas.edu.tr/galeriResim/f1a72dfe-2a04-494b-85e0-0b9f32852190.jpg,0,0,0,0,False,502.50993297247095,69.52079990878701,1056.5285999327898,0,10434566,0.43730760924518114,
https://www.istiklal.edu.tr/,114,9,9,45,29,7,2,0,13,0,53002500,53002500,53002500,161348,223275,3172725,20392171,347508,28473374,0,232099,0,28376079,https://istiklal.edu.tr/api/files/file?id=24106f85-47dd-4b7b-88a4-5362f439d346,0,1729503,70,50639653,False,784.1188903487483,17.399400006979704,4642.878300044686,0,53002500,2.2213091142475605,
https://www.ksu.edu.tr/,90,1,16,16,47,7,0,0,3,0,7742834,7742834,7742834,214578,145030,301067,6619769,462368,0,0,22,0,837367,https://www.ksu.edu.tr/resim/slayt/_site_slayt_2506041156280108.png,0,256794,16,257576,False,348.07452666831927,44.90400000941008,701.515999971889,0,7742834,0.3244984243065119,
https://kapadokya.edu.tr/,43,1,4,5,25,5,1,0,2,0,9569389,9569389,9569389,18423,58908,92224,5825512,425722,3117544,0,31056,0,3117544,https://kapadokya.edu.tr/theme/img/kun.mp4,0,3817884,10,158280,False,193.5728046431228,2.9621999710798264,849.8194999992847,3117544,12686933,0.5317032197490335,
https://www.karabuk.edu.tr/,93,1,5,8,75,3,0,0,1,0,44929387,44929387,44929387,55056,78804,274254,44360637,160636,0,0,0,0,10896133,https://www.karabuk.edu.tr/assets/img/fk-1.png,0,259985,6,333145,False,1452.7073387101652,34.93930003605783,3733.4417999954894,0,44929387,1.8829688569530845,
https://www.ktu.edu.tr/,93,1,4,4,78,5,0,0,1,0,6502057,6502057,6502057,309701,51268,201623,5606629,332836,0,0,0,0,599282,https://www.ktu.edu.tr/slayt/tr_GeZPY.jpg,0,456197,2,146496,False,185.238061290014,124.06699999701232,375.0290999887511,1192091225,1198593282,50.23246415890753,
https://www.kmu.edu.tr/,113,5,23,29,52,4,0,0,0,0,61010820,61010820,61010820,313314,191489,586968,59761069,157980,0,0,0,0,27298331,https://dosya.kmu.edu.tr/kmu//banner/banner-km%C3%BC_3.03.2025_11_34_49.jpg,0,266130,56,59359207,False,1466.0378544680757,66.89950008876622,5638.697099988349,0,61010820,2.556933928281069,
https://www.kastamonu.edu.tr/,116,2,4,16,74,10,1,0,9,0,216288723,216288723,216288723,83711,132447,732751,19317431,333532,195686838,0,2013,0,195686838,https://files.kastamonu.edu.tr/Ortam/2025/Ocak/Slayt/TR/WEBson.mp4,0,20468397,50,196780613,False,146.3939155158908,11.417899979278445,758.8919000700116,0,216288723,9.064555666409433,
https://www.kayseri.edu.tr/,160,1,2,9,139,6,0,0,3,0,19667370,19667370,19667370,173701,427595,1204738,16750277,886100,0,0,224959,0,934916,https://www.kayseri.edu.tr/images/Slider/a39f4665-08c9-4d55-b06f-2be7c36087bc.webp,0,590192,5,590192,False,1408.1794081284897,50.127999973483384,2146.5097999898717,0,19667370,0.8242499548941851,
https://www.kku.edu.tr/,120,12,21,20,61,4,0,0,1,1,9493503,9493503,9493503,1643764,296090,887990,6507611,158048,0,0,0,0,2542303,https://content.kku.edu.tr/Content/anasayfa/images/logo-footer.svg,0,4371068,119,9493359,False,931.827318323,29.472399968653917,2986.052199965343,0,9493503,0.3978681145235896,
https://www.ahievran.edu.tr/,219,7,20,127,51,4,2,0,8,0,30833514,30833514,30833514,784972,782937,3639501,1873767,107000,23644622,0,715,0,23586023,https://www.ahievran.edu.tr/uploads/SlideVideo/efqm.mp4,0,4549834,186,5072897,False,123.78752831110229,0.1661001006141305,9684.58889995236,0,30833514,1.2922176439315083,
https://www.kilis.edu.tr/,59,2,11,17,24,2,1,0,2,0,43435117,43435117,43435117,21664,66119,692857,5584786,84588,36977224,0,7879,0,36977224,https://www.kilis.edu.tr/video/WhatsApp%20Video%202025-05-30%20at%2017.26.28.mp4,0,624894,21,709235,False,240.98041695266394,21.848400007002056,586.2833000719547,1044990755,1088425872,45.61540134251118,
https://www.kocaelisaglik.edu.tr/,144,4,24,34,59,16,0,0,7,0,12272446,12272446,12272446,162180,481423,1432870,9289776,866664,0,0,39533,0,1370105,https://kocaelisaglik.edu.tr/wp-content/uploads/2024/01/yuksek_lisans_programlar_banner.png,0,12108378,143,12272446,False,358.9772979159736,0.2199000446125865,2017.3529000021517,0,12272446,0.5143322702497244,
https://www.kocaeli.edu.tr/,70,1,5,14,27,11,0,0,12,0,2353464,2353464,2353464,172183,47652,258248,1625883,185701,0,0,63797,0,654234,https://www.kocaeli.edu.tr/img/banner1.webp,0,2290562,17,127343,False,111.30568088436335,4.073400050401688,390.7417000737041,0,2353464,0.09863253682851793,
https://www.ku.edu.tr/,184,6,47,62,47,14,0,0,7,1,10218539,10218539,10218539,585065,871323,4110722,4477966,173460,0,0,3,0,683501,https://cms-images.ku.edu.tr/tr_6d33f788_5ae9_4e92_a1f9_a9f79e62eb1f_c075f59e65,0,7526530,80,5785301,False,251.41428962230296,0.25949999690055847,1402.2764000110328,0,10218539,0.4282540222629905,
https://www.gidatarim.edu.tr/,46,2,2,2,35,2,1,0,1,1,23900907,23900907,23900907,11319,315618,482582,752502,258144,22080742,0,0,0,22080742,https://www.gidatarim.edu.tr/storage/settings/November2025/zvSntTRHhpZR6CFyjEE0.webm,0,23889546,7,432740,False,232.77990434966657,30.886800028383732,576.9843999296427,39842102,63743009,2.671438646502793,
https://www.ktun.edu.tr/,51,1,3,7,27,13,0,0,0,0,12018152,12018152,12018152,30191,553006,914536,10280251,240168,0,0,0,0,1710718,https://www.ktun.edu.tr/Content/images/logo/Dumans%c4%b1zhavaalanlogo.png,0,30191,1,22107,False,730.4525548962,28.76240003388375,2109.1866999631748,0,12018152,0.5036749318242073,
https://www.karatay.edu.tr/,181,23,21,36,87,10,0,0,3,1,2682049,2682049,2682049,259135,383911,1554369,173027,311464,0,0,15,128,173345,https://www.karatay.edu.tr/assets/scripts/jquery.dataTables.js,0,2417053,127,856513,False,215.93960939819064,0.5591000663116574,950.5962999537587,0,2682049,0.11240337509661914,
https://www.dpu.edu.tr/,118,8,8,25,56,11,3,0,7,0,68302644,68302644,68302644,490084,253506,2267926,15562473,800646,48927570,0,439,0,48859561,https://www.dpu.edu.tr/app/views/index/kirmizi/images/yenitema/dpugo.mp4,0,68228241,51,4178052,False,374.14047203097743,0.2932000206783414,1570.579499937594,48859561,117162205,4.910211288370192,
https://www.ksbu.edu.tr/,190,2,7,5,161,12,2,0,1,0,254246330,254246330,254246330,24935,75024,1799090,136265369,477468,115604444,0,0,0,115523054,https://www.ksbu.edu.tr/views/index/maintemplate2/public/tanitim.mp4,0,400248,78,19937384,False,3630.5753973637416,78.06530001107603,10763.74730002135,115523054,369769384,15.496855862438679,
https://www.lokmanhekim.edu.tr/,81,5,9,27,34,2,0,0,3,1,16947833,16947833,16947833,85328,833363,1362715,14489104,176156,0,0,1167,0,10467806,https://www.lokmanhekim.edu.tr/uploads/2025-12/dscf9268_6931998291a21.JPG,0,554774,19,571632,False,318.1046296333618,2.786700031720102,841.8316000606865,0,16947833,0.7102754758670926,
https://www.maltepe.edu.tr/,144,6,2,21,101,3,0,0,10,1,11050354,11050354,11050354,317903,670587,2000231,6936561,1084556,0,0,40516,0,1018620,https://www.maltepe.edu.tr/Content/MainWebsite/fonts/icofont.ttf?v=1.0.0-beta,0,1836226,39,1829795,False,240.80537429674425,22.967400029301643,838.4762000059709,0,11050354,0.46311498619616037,
https://www.mcbu.edu.tr/,67,2,1,5,54,4,0,0,1,0,23450777,23450777,23450777,20852,330142,2110792,20656301,322744,0,0,9946,0,3989165,https://www.mcbu.edu.tr/PictureGallery/Gallery-14059-FLYY211120251625.jpg,0,21373758,4,394713,False,852.0914537227476,48.1208999408409,1870.5427999375388,0,23450777,0.9828107105568052,
https://www.artuklu.edu.tr/,377,4,45,75,241,7,0,0,5,0,12871911,12871911,12871911,435933,1763210,3916190,6360552,395304,0,0,722,0,640779,https://www.artuklu.edu.tr/Scripts/Site/Artuklu.Web.js?v=yhHJo5kJ_QM2zdq_v5pGZQ2,0,793026,84,1055340,False,1135.080939784105,52.05530009698123,3042.993300012313,0,12871911,0.5394555581733584,
https://www.marmara.edu.tr/,25,3,2,3,12,4,0,0,1,0,3110336,3110336,3110336,344645,903272,1145794,507969,208656,0,0,0,0,919330,https://www.marmara.edu.tr/_assets/marmara/js/marmara.merged.js?v=1.0.87,0,3027536,5,279883,False,139.41186401527375,2.7833000058308244,535.5392000637949,0,3110336,0.13035267591476443,
https://www.mef.edu.tr/,51,4,3,24,9,2,1,0,7,1,28119985,28119985,28119985,319554,22065,595222,109616,133704,26529694,0,410130,0,26529694,https://s3.eu-central-1.amazonaws.com/mef.edu.tr-cdn/mef-2.mp4,0,1587980,18,26914527,False,139.5136640081182,30.806199996732175,329.34249995741993,52410218,80530203,3.3749818196520214,
https://www.mersin.edu.tr/,140,1,18,17,90,12,1,0,1,0,144331059,144331059,144331059,419935,961089,575124,13203672,2047104,127124000,0,135,0,127124000,https://www.mersin.edu.tr/tema2024/assets/videos/video_buyuk_16122024.mp4,0,0,1,135,False,743.1352150027773,63.73450008686632,1754.3530999682844,0,144331059,6.048844805918634,
https://www.msgsu.edu.tr/,74,2,6,12,45,4,5,0,0,0,133665790,133665790,133665790,40883,69401,564499,7572130,104432,125314445,0,0,0,25062889,https://msgsu.edu.tr/wp-content/uploads/2021/12/msgsu_website_video.mp4,0,133441463,73,133665790,False,290.5841337853564,30.12720006518066,671.4048000285402,25062889,158728679,6.652242089621723,
https://www.mudanya.edu.tr/,120,7,20,46,37,7,0,0,3,0,9707663,9707663,9707663,59711,212776,1368114,7972340,94676,0,0,46,0,1187580,https://mudanya.edu.tr/img/duyururesim/img_181331_471.png,0,1316280,119,9707432,False,242.02044833509717,0.1490999711677432,1671.207399922423,0,9707663,0.4068434564396739,
https://www.mu.edu.tr/,116,1,12,21,71,6,0,0,5,0,37930305,37930305,37930305,301338,81089,622448,36693926,229744,0,0,1760,0,2962166,https://yonetim.mu.edu.tr/Icerik/Haber/basin.mu.edu.tr/gallery/toplu/1522e.jpg,0,448273,30,35913429,False,1441.3204181102378,13.80130008328706,9785.215099924244,0,37930305,1.589640718884766,
https://www.munzur.edu.tr/,110,3,11,18,74,1,1,0,2,0,92188136,92188136,92188136,90966,272789,569393,31994849,44432,59215692,0,15,0,59215692,https://www.munzur.edu.tr/trthaber.mp4,0,186156,5,186171,False,1034.2554527250204,37.058799993246794,2660.0369999650866,828557528,920745664,38.588005006313324,
https://www.alparslan.edu.tr/,83,3,13,6,55,4,0,0,1,1,14914682,14914682,14914682,22858,303665,326501,13727910,533748,0,0,0,0,906181,https://www.alparslan.edu.tr/images/event/1764757763.jpg,0,670781,14,670823,False,701.3124108485631,67.7831000648439,1499.6725999517366,0,14914682,0.6250671017915012,
https://www.erbakan.edu.tr/,77,1,9,15,42,7,0,0,3,0,13013948,13013948,13013948,89510,604096,1142317,10725265,451276,0,0,1484,0,4921968,https://erbakan.edu.tr/storage/departments/images/207961/etkinlikler/2025/12/%C4%B0nsan%20Haklar%C4%B1n%C4%B1n%20Hukuki%20Temelleri_anasayfa.png,0,12923199,44,10602548,False,484.44845974022013,6.304000038653612,1007.1189999580383,1509,13015457,0.5454715015366675,
https://www.nevsehir.edu.tr/,110,6,23,32,35,9,1,0,4,0,59087400,59087400,59087400,108193,236852,2097113,21498564,544436,34592525,0,9717,0,34592525,https://www.nevsehir.edu.tr/videos/2020/tanitim_2020.mp4,0,2666501,62,18097226,False,289.3141490862366,0.15119998715817928,916.1602000240237,34592525,93679925,3.926080302335322,
https://www.ohu.edu.tr/,145,2,21,38,74,3,3,0,4,0,66583665,66583665,66583665,313349,170255,915599,26110008,147940,38918508,0,8006,0,38718165,https://static.ohu.edu.tr/uniweb/media/dosya/atik_final.mp4,0,848559,132,65526799,False,820.5356951762826,4.067300003953278,2430.690999957733,38918508,105502173,4.421544992364943,
https://www.nny.edu.tr/,124,2,16,24,73,6,0,0,2,1,12568495,12568495,12568495,13926,1109667,890652,10328703,225524,0,0,23,0,801825,https://www.nny.edu.tr/files/images/Spot/yeni-spot/etkinliklerden-goruntuler.jpg,0,701664,17,641692,False,196.58569112746795,1.4300999464467168,906.3154999166727,0,12568495,0.5267395405098796,
https://www.omu.edu.tr/,203,18,53,30,89,6,0,0,6,1,4082696,4082696,4082696,411955,342442,830160,1906135,575340,0,0,16664,0,436568,https://www.omu.edu.tr/sites/all/themes/anasayfa/css/uicons/webfonts/uicons-regular-rounded.woff2,0,1168462,35,788135,False,298.49324384451904,0.45599997974932194,827.398500056006,0,4082696,0.17110381275415423,
https://www.odu.edu.tr/,42,3,10,9,18,2,0,0,0,0,4071107,4071107,4071107,14081,121095,128748,3713211,93972,0,0,0,0,1211476,https://odu.edu.tr/files/galeri/20190212162027/1680b91e446b041745588708.png,0,147564,40,4070797,False,549.085564287712,31.126599991694093,1385.5867000529543,0,4071107,0.17061812337487936,
https://www.metu.edu.tr/,114,6,10,42,42,6,0,0,8,0,4514493,4514493,4514493,173384,143401,1125970,2820650,243092,0,0,7996,0,714514,https://www.metu.edu.tr/system/files/slider/cover/web_kariyer_2025.png,0,2537416,50,1431760,False,142.37049297968807,13.673999928869307,904.774900060147,0,4514493,0.18920021597296002,
https://www.osmaniye.edu.tr/,153,5,20,35,74,10,0,0,9,0,12256676,12256676,12256676,33971,181288,1252761,10179381,601584,0,0,7691,0,2095384,https://cdn.knowhy.dev/1755319135804_9740_sevgi.png,0,4171099,63,4140387,False,409.7132810522358,33.0296999309212,3892.8620000369847,0,12256676,0.5136713571846485,
https://www.ostimteknik.edu.tr/,182,21,9,47,45,23,0,0,36,1,19627449,19627449,19627449,1023876,1994138,8239949,4351889,1338500,0,0,2679097,0,2980539,https://www.ostimteknik.edu.tr/web/assets/392540-400112c/7/web.assets_frontend_lazy.min.js,0,19308357,136,9616906,False,165.78166850891418,0.16039994079619646,2054.512199945748,0,19627449,0.8225768851116301,
https://www.ozyegin.edu.tr/,57,3,6,8,35,3,0,0,2,0,4341560,4341560,4341560,129912,176292,1123153,2770652,136000,0,0,5551,0,590635,https://www.ozyegin.edu.tr/sites/default/files/styles/slider_1170x425/public/the-impact-2025-banner-tr.png?itok=ln36z9_8,0,667414,16,1057756,False,283.43073157757,30.538000050000846,692.9774999152869,0,4341560,0.18195267766714096,
https://www.pau.edu.tr/,101,1,13,25,53,8,0,0,1,0,8653681,8653681,8653681,29519,76966,397332,7884168,265696,0,0,0,0,997653,https://haber.pau.edu.tr/Content/newsimg/slayder/WhatsApp%20Image%202025-07-02%20at%2020.15.28%20(5)_638871378795176427.jpg,0,144044,38,7782340,False,403.37323367083906,10.124800028279424,848.1129000429064,0,8653681,0.36267158109694725,
https://www.pirireis.edu.tr/,63,2,9,11,37,3,0,0,1,0,7416885,7416885,7416885,182513,355563,508366,6176631,193812,0,0,0,0,745115,https://pirireis.edu.tr/wp-content/uploads/2024/10/PRU-21.jpg,0,7233045,62,7416885,False,67.9812507910861,6.089300033636391,817.8286999464035,0,7416885,0.31083805952221155,
https://www.erdogan.edu.tr/,60,2,11,16,23,5,0,0,3,0,2641118,2641118,2641118,190492,97079,824484,1301855,223776,0,0,3432,0,281952,https://www.erdogan.edu.tr/Images/Uploads/MyContents/6162-20250701142740012358.jpeg,0,461328,7,457896,False,296.3972711872499,32.31089992914349,2396.3282000040635,0,2641118,0.11068797670304775,
https://www.sabanciuniv.edu/,60,2,7,4,35,8,1,0,2,1,25438157,25438157,25438157,23281,800830,802745,4818846,256024,18736431,0,0,0,18736431,https://www.sabanciuniv.edu/sites/default/files/2025-04/homeherovideo.mp4,0,25438115,29,2434633,False,107.34255166607909,1.9410999957472086,369.48540003504604,18736431,44174588,1.851335596293211,
https://www.sbu.edu.tr/,465,5,8,51,392,5,1,0,3,0,43075387,43075387,43075387,55733,86553,1389291,13946472,227156,27370113,0,69,0,27370113,https://sbu.edu.tr/uploads/mainsite/sitevideo.mp4_6294ae.mp4,0,2018907,464,43075245,False,5246.186578919691,0.9812000207602978,12095.614399993792,54740226,97815613,4.099404984153807,
https://www.subu.edu.tr/,278,8,6,34,203,5,0,0,21,1,36767989,36767989,36767989,1529773,1284359,5358572,15088136,185392,0,0,13321626,131,9550271,https://cmsservice.subu.edu.tr/posts/news/live?limit=&unit=ALL,0,11756547,277,36767820,False,489.39774100285143,1.6544000245630741,1314.1195999924093,0,36767989,1.540928618051112,
https://www.sakarya.edu.tr/,80,2,13,19,39,6,0,0,1,0,36717661,36717661,36717661,88543,1410552,1108083,33055583,1054900,0,0,0,0,8006511,https://s3-esentepe.sakarya.edu.tr/sakarya/News/ddc209d7-8df6-4644-a648-dab01f759cd6,0,503232,79,36717661,False,389.6898649953073,5.710499943234026,2145.813600043766,0,36717661,1.5388193959370255,
https://www.samsun.edu.tr/,106,2,6,13,74,7,0,0,2,2,6952861,6952861,6952861,112342,596322,476710,3850791,1916568,0,0,0,128,511898,https://cdn.samsun.edu.tr/assets/icons/css/all.min.css,0,6836342,105,6952861,False,466.89689433518447,22.175899939611554,872.2884999588132,0,6952861,0.29139103833585983,
https://www.sanko.edu.tr/,85,2,10,27,36,8,0,0,2,0,7296651,7296651,7296651,33957,249976,1074860,5471054,465684,0,0,1120,0,693932,https://www.sanko.edu.tr/wp-content/uploads/2019/04/SANKO-HOLD%C4%B0NG-ONURSAL-BA%C5%9EKANI-ABDULKAD%C4%B0R-KONUKO%C4%9ELU-1.jpg,0,1277720,32,1281209,False,181.13905058434125,23.006900097243488,752.387399901636,0,7296651,0.3057991107925773,
https://www.selcuk.edu.tr/,80,5,18,10,41,6,0,0,0,0,3766424,3766424,3766424,435634,481026,569366,1893718,386680,0,0,0,0,756677,https://www.selcuk.edu.tr/img/logo_tr.png,0,327542,8,327542,False,8195.733052508149,26.616700110025704,15861.820599995553,0,3766424,0.1578490063548088,
https://www.siirt.edu.tr/,108,2,20,23,59,2,0,0,2,0,5791525,5791525,5791525,112698,152308,903102,4231166,392236,0,0,15,0,743603,https://www.siirt.edu.tr/foto/etkinlik/uluslararasi-oksidentalizm-sempozyumii-ii2025112111551685.jpg,0,156185,4,156200,False,3085.2186259246623,58.27909999061376,6099.121700040996,0,5791525,0.24272000882774591,
https://www.sinop.edu.tr/,168,2,50,59,43,12,0,0,1,1,6045320,6045320,6045320,334467,871119,1207401,3351461,280872,0,0,0,0,679435,https://sinop.edu.tr/wp-content/uploads/2025/11/Slider-kopyasi-2-1280x480.png,0,687403,167,6045315,False,459.31544523738836,37.55999996792525,2288.1420000921935,0,6045320,0.25335643440485,
https://www.sivas.edu.tr/,229,5,19,60,127,4,12,0,2,0,7339253,7339253,7339253,77550,154419,1784054,4964723,146324,212160,0,23,0,1055963,https://www.sivas.edu.tr/media/uploads/images/users/burakkose/bmc.png,0,6993833,151,4668724,False,154.24455720656775,3.941299975849688,638.5417999699712,0,7339253,0.30758453998714685,
https://www.cumhuriyet.edu.tr/,103,2,19,28,42,8,0,0,3,1,5062739,5062739,5062739,157694,454280,858538,3399999,191556,0,0,672,0,961632,https://www.cumhuriyet.edu.tr/anasayfaaltresim/nn8040b2dc0ad8ea8bfdd4f2e6e44755d1.jpg,0,4826311,28,332376,False,137.45478349421353,2.5801999727264047,503.612499916926,0,5062739,0.2121769404038787,
https://www.sdu.edu.tr/,179,5,19,44,95,11,0,0,4,1,17673094,17673094,17673094,536618,131533,1156223,13551364,556160,0,0,1741196,0,1741032,https://w3.sdu.edu.tr/Etkinlik/getEtkinlik,0,8326167,178,17672949,False,594.5686832403337,23.245899938046932,2848.3403999125585,0,17673094,0.7406708132475616,
https://www.sirnak.edu.tr/,75,2,18,20,23,9,1,0,2,0,24905484,24905484,24905484,145785,1499591,910311,1126107,565936,20657754,0,0,0,20657754,https://sirnak.edu.tr//img/video/Sirnak-Universitesi-Tanitim-Video-2025.mp4,0,476407,23,21725179,False,460.26234730379656,93.13799999654293,1508.176099974662,20657754,45563238,1.9095332454890013,
https://www.tarsus.edu.tr/,120,6,22,26,51,8,0,0,6,1,7047641,7047641,7047641,57407,189789,2296507,3599047,896764,0,0,8127,0,695083,https://www.tarsus.edu.tr/Images/Uploads/MyContents/30121-20251204104041338957.png,0,1461433,45,1475857,False,1020.2412691597905,14.30039992555976,3064.147499972023,0,7047641,0.2953632222488523,
https://www.tedu.edu.tr/,41,2,4,17,11,3,1,0,2,1,5544571,5544571,5544571,202397,212715,659583,336248,119952,4013676,0,0,0,4013676,https://www.tedu.edu.tr/sites/default/files/2023-11/ted-totem4mb.mp4,0,5230574,15,591978,False,204.25151707036648,27.833100059069693,672.613599919714,4013676,9558247,0.40058150421828037,
https://www.etu.edu.tr/,131,7,5,35,55,4,6,0,14,5,228536895,228536895,228536895,167960,754593,2562081,10871496,118332,214023414,0,39019,0,50191739,https://www.etu.edu.tr/views/etu/_images/intro.webm,0,2865823,87,3651080,False,482.44622824909095,1.7648000502958894,3429.9572999589145,99059430,327596325,13.729403377510607,
https://www.gop.edu.tr/,221,2,24,43,140,11,0,0,1,0,5723357,5723357,5723357,421090,134225,370159,4419835,378048,0,0,0,0,420620,https://www.gop.edu.tr/,0,135617,3,136087,False,559.7881352949289,2.5747999316081405,1115.8826999599114,0,5723357,0.23986312095075848,
https://www.toros.edu.tr/,127,4,18,40,45,13,0,0,7,0,40754553,40754553,40754553,167204,853322,5889796,33452509,348320,0,0,43402,0,14729347,https://toros.edu.tr/storage/owl_carousels/sfme_2025_yeni_SFtJbMXvAC.jpg,0,1845983,126,40754553,False,769.1759456638393,52.6281000347808,2663.137499941513,0,40754553,1.708003585226834,
https://www.trabzon.edu.tr/,44,1,5,6,30,2,0,0,0,0,10560045,10560045,10560045,27645,1295092,265587,8777489,194232,0,0,0,0,1327619,https://www.trabzon.edu.tr/storage/2025/10/7/8ec79a72-2cf9-4c1e-838c-9e532893c61b.png,0,10560045,0,0,False,644.1722977297931,51.42220004927367,944.8412000201643,0,10560045,0.442566373385489,
https://www.trakya.edu.tr/,87,1,10,11,57,6,0,0,2,0,5802670,5802670,5802670,106686,785502,1117464,3465911,326000,0,0,1107,0,760312,https://www.trakya.edu.tr/files/anasayfa_kayan_resimler/320/1.webp,0,5802670,5,283001,False,195.57007586572792,15.924900071695447,541.5163999423385,0,5802670,0.24318709038197994,
https://www.thk.edu.tr/,190,7,46,39,83,5,0,0,10,0,293438646,293438646,293438646,3124062,1140179,2135997,286770781,267300,0,0,327,0,14716302,https://www.thk.edu.tr/images/articles/turk-hava-kurumu-universitesi-olarak-turasa-rayli-sistemler-fabrikasini-ziyaret-ettik_1419745722.jpg,0,2414540,74,2418578,False,4504.457649474621,6.534399930387735,25087.643000064418,0,293438646,12.297871587798,
https://www.tau.edu.tr/,78,2,11,11,47,6,0,0,1,0,13881323,13881323,13881323,308190,414514,722874,11789092,638752,0,0,7901,0,2801071,https://3fcampus.tau.edu.tr/uploads/blocks/main.tau/XjjMgNbc.png,0,13567650,48,11836405,False,286.9832487150024,25.20809997804463,936.8749000132084,0,13881323,0.5817595263943076,
https://www.tju.edu.tr/,71,4,5,11,47,3,0,0,1,0,4843453,4843453,4843453,27445,337739,593447,3796694,88128,0,0,0,0,597249,https://tju.edu.tr/Content/images/video_1.png,0,235530,70,4843308,False,354.08632676149915,13.678900082595646,535.0543000968173,0,4843453,0.20298677030950787,
https://www.ufuk.edu.tr/,88,2,9,9,58,5,2,0,3,0,23608374,23608374,23608374,104865,80475,350587,11072783,333052,11665905,0,707,0,11665905,https://download-video-ak.vimeocdn.com/v3-1/playback/be2abc26-7b17-4ab4-ac96-0bbbffff487d/6536f7a9-6ed429a8?__token__=st=1764934685~exp=1764938285~acl=%2Fv3-1%2Fplayback%2Fbe2abc26-7b17-4ab4-ac96-0bbbffff487d%2F6536f7a9-6ed429a8%2A~hmac=1864bc2483d0afb11c79782d84568470f3c7e694efff91878d7bdedb28f1482c&r=dXMtd2VzdDE%3D,0,23503380,40,12392616,False,948.9374613648662,22.303499979898334,2789.523800020106,0,23608374,0.9894155245274305,
https://www.usak.edu.tr/,175,8,14,40,93,7,1,0,12,0,22146559,22146559,22146559,530708,592120,3417407,9909227,1133356,6308237,0,255504,0,6308237,https://www.usak.edu.tr/UsersData/2022/vson.mp4,0,2803865,64,2891151,False,2947.8904760036885,5.528599955141544,7278.685699915513,6308237,28454796,1.1925267241895199,
https://uskudar.edu.tr/,155,4,10,80,27,5,0,0,29,0,25543741,25543741,25543741,395900,825460,5318019,8228857,89820,0,0,10685685,0,8524253,https://uskudar.edu.tr/api/v1/sitemap?locale=tr,0,6960276,77,11033285,False,214.04886143616844,0.18630002159625292,2154.12490000017,0,25441000,1.0662199929356575,
https://www.yyu.edu.tr/,123,8,12,29,54,11,0,0,9,0,15772392,15772392,15772392,341580,178157,2003819,12901479,346752,0,0,605,0,1436604,https://www.yyu.edu.tr/img/slider/Banner9.png,0,2527727,47,2528367,False,743.4693674757561,0.16339996363967657,2934.7142999758944,0,15772392,0.661013312637806,
https://www.yalova.edu.tr/,107,1,10,24,56,13,0,0,3,0,14977164,14977164,14977164,38254,139709,982449,13597311,218384,0,0,1057,0,1379880,https://www.yalova.edu.tr/Uploads/www/Slider/2026-oryantasyon.jpg,0,1719087,23,1719378,False,677.9609626196063,15.34929999615997,1319.0371999517083,0,14977164,0.6276856921613218,
https://www.yasar.edu.tr/,198,4,29,61,83,13,0,0,6,2,14782732,14782732,14782732,2805890,1071245,2749636,7777129,338064,0,0,40638,130,2804404,https://www.yasar.edu.tr/,0,11976959,29,909970,False,116.54243534701321,20.216200035065413,853.4681999590248,0,14782732,0.6195371411740781,
https://www.yeditepe.edu.tr/,89,3,41,33,9,2,1,0,0,0,84441833,84441833,84441833,185443,104512,272223,583930,66556,83229169,0,0,0,83229169,https://yeditepe.edu.tr/sites/default/files/2023-06/homepage.mp4,0,272724,88,84441516,False,163.86850567439316,28.539500082843006,1116.6518999962136,83229169,167671002,7.027010517194868,
https://www.yildiz.edu.tr/,239,1,53,53,79,3,42,0,7,1,20213482,20213482,20213482,119220,621956,1724604,4761778,100792,12763897,0,121235,0,1066907,https://cdn.tagbox.com/widget/1741763/2159925/439224/17889130986208993/AQMsUmY9g32lCuBR1veWIRzuTl97hTKHzj6aNSa5y4hhSwM_JQpNs0O8IDnmj5Him332o9XLuyabYC3B8Jjv0ws-UQb2sHetPC7mW-M_clips.mp4,0,15888010,83,14370873,False,167.13305773938302,1.230900059454143,1272.7007999783382,0,20213482,0.8471372444182635,
https://www.bozok.edu.tr/,128,2,20,17,73,9,0,0,6,1,13102814,13102814,13102814,175061,226657,1032916,11158912,499668,0,0,9600,0,3003715,https://www.bozok.edu.tr/Slider/0eafe7a6.png,0,1241833,47,1253981,False,605.4677945312505,13.308500056155026,3980.788700049743,48420920,61523734,2.5784299056977034,
https://www.beun.edu.tr/,95,2,8,4,71,8,0,0,2,0,76141283,76141283,76141283,310737,381603,179335,74758393,509748,0,0,1467,0,27719735,https://cdn3.beun.edu.tr//slayt/adsiz-2545-x-600-piksel-2_DfFFsMf.png,0,181798,94,76141105,False,2192.288042098823,72.68149999435991,5247.707300004549,0,76141283,3.19104430731386,
https://yuksekihtisasuniversitesi.edu.tr/,90,8,24,13,38,4,0,0,3,0,39477676,39477676,39477676,1621814,315916,575084,36809250,155612,0,0,0,0,19803918,https://yuksekihtisasuniversitesi.edu.tr/Uploads/haberler_view/06034952cad84831ee1e5847cbaf9229.png,0,37855093,29,901361,False,154.2752655546388,20.256099989637733,1648.8179999869317,0,39477676,1.6544902883470058,
https://www.nku.edu.tr/,67,1,4,10,48,1,1,0,2,0,3571549,3571549,3571549,19577,31713,312760,3072897,71896,62691,0,15,0,764018,https://www.nku.edu.tr/images/nkulogo100.gif,0,3119978,18,1905155,False,162.23272878613153,23.8385999109596,321.28440006636083,124314,3695863,0.1548918290063739,
https://www.ozal.edu.tr/,217,15,36,52,73,13,0,0,28,0,150703286,150703286,150703286,1321422,695942,5742696,142309217,632052,0,0,1957,0,18227252,https://www.ozal.edu.tr/images/news/1763629942.jpg,0,7675144,127,7679867,False,1734.6022506866793,0.1724000321701169,12226.68100008741,0,150703286,6.315901754423977,
https://www.klu.edu.tr/,139,5,20,21,83,10,0,0,0,0,12486171,12486171,12486171,136837,146521,974750,9447543,1780520,0,0,0,0,662022,https://www.klu.edu.tr/anadizin/icerikler/js/timeline/vis.min.js,0,12345608,8,260149,False,534.8818503578174,34.13160005584359,1553.2372000161558,0,12486171,0.5232893815264106,
https://www.issb.edu.tr/,134,2,44,50,16,8,0,0,13,1,6660976,6660976,6660976,100157,225854,1935151,4306348,83328,0,0,10138,0,1554562,https://www.issb.edu.tr/sites/default/files/2025-08/issb_slider-1-min.png,0,5882108,56,1681331,False,238.72862686663726,13.527900096960366,5356.139900046401,0,6660976,0.2791582792997361,
https://www.isikun.edu.tr/,136,3,6,69,33,17,1,0,3,4,22294537,22294537,22294537,121021,719788,2164892,5242100,199816,13846896,0,24,0,13846896,https://www.isikun.edu.tr/sites/default/files/2025-01/01_h.264.mp4,0,7677269,59,1674277,False,205.08532205456183,14.225699938833714,704.9319999059662,13846896,36141433,1.514669959433377,
https://gsu.edu.tr/,65,2,5,13,35,10,0,0,0,0,5642950,5642950,5642950,107317,732442,912247,2793672,1097272,0,0,0,0,595812,https://gsu.edu.tr/theme/js/plugins/plugins.min.js,0,0,0,0,False,151.316336929225,6.784299970604479,313.9701000181958,0,5642950,0.23649330250918865,
https://w3.agu.edu.tr/,98,2,12,25,52,4,0,0,2,1,31111335,31111335,31111335,123378,465992,948770,29356980,216192,0,0,23,0,3740521,https://w3.agu.edu.tr/media/1896/nNNfKk6pCQIOQiM9KpWIWX9GNVWnB1Lh3oenwHwx.jpg,0,750547,23,751991,False,533.090723459894,38.19850005675107,3057.609900017269,0,31111335,1.3038609875366092,
